proyecto,site,coord_x,coord_y
A,1,-71.0168518888663,0.572412833620581
A,2,-74.087543990736,4.6731854369781
B,1,-74.2385317707348,10.1491155549931
B,2,-67.6701920235192,5.71668680035647
B,3,-73.6001929658014,-0.14618179538046
C,1,-77.41336,8.57092
